E2EO,5567,NWS AHS SERVER IAAS BASE,Bluepay Hybrid Cloud962594893y7sps1ee26q6qd,5
E2EO,5568,NWS AHS SERVER IAAS BASE,Bluepay Hybrid Cloud962594893y7sps1ee26q6qd,6
E2EO,5569,NWS AHS SERVER IAAS BASE,Bluepay Hybrid Cloud962594893y7sps1ee26q6qd,7
E2EO,5570,NWS AHS SERVER IAAS BASE,Bluepay Hybrid Cloud962594893y7sps1ee26q6qd,8
E2EO,5571,NWS AHS SERVER IAAS BASE,Bluepay Hybrid Cloud962594893y7sps1ee26q6qd,9
E2EO,5572,NWS AHS SERVER IAAS BASE,Bluepay Hybrid Cloud962594893y7sps1ee26q6qd,10
E2EO,5573,NWS AHS SERVER IAAS BASE,Bluepay Hybrid Cloud962594893y7sps1ee26q6qd,11
E2EO,5574,NWS AHS SERVER IAAS BASE,Bluepay Hybrid Cloud962594893y7sps1ee26q6qd,12
E2EO,5575,NWS AHS SERVER IAAS BASE,Bluepay Hybrid Cloud962594893y7sps1ee26q6qd,13
E2EO,5576,NWS AHS SERVER IAAS BASE,Bluepay Hybrid Cloud962594893y7sps1ee26q6qd,14
E2EO,5577,NWS AHS SERVER IAAS BASE,Bluepay Hybrid Cloud962594893y7sps1ee26q6qd,15
E2EO,5578,NWS AHS SERVER IAAS BASE,Bluepay Hybrid Cloud962594893y7sps1ee26q6qd,16
E2EO,5579,NWS AHS SERVER IAAS BASE,Bluepay Hybrid Cloud962594893y7sps1ee26q6qd,17
E2EO,5580,NWS AHS SERVER IAAS BASE,Bluepay Hybrid Cloud962594893y7sps1ee26q6qd,18
E2EO,5581,NWS AHS SERVER IAAS BASE,Bluepay Hybrid Cloud962594893y7sps1ee26q6qd,19
E2EO,5582,NWS AHS SERVER IAAS BASE,Bluepay Hybrid Cloud962594893y7sps1ee26q6qd,20
E2EO,5583,NWS AHS SERVER IAAS BASE,Bluepay Hybrid Cloud962594893y7sps1ee26q6qd,21
E2EO,5584,NWS AHS SERVER IAAS BASE,Bluepay Hybrid Cloud962594893y7sps1ee26q6qd,22
E2EO,5585,NWS AHS SERVER IAAS BASE,Bluepay Hybrid Cloud962594893y7sps1ee26q6qd,23